{
  "hash": "5a618ed0",
  "configHash": "ce765007",
  "lockfileHash": "e3b0c442",
  "browserHash": "44054927",
  "optimized": {
    "vue": {
      "src": "../../../../node_modules/.store/vue@3.5.16/node_modules/vue/dist/vue.runtime.esm-bundler.js",
      "file": "vue.js",
      "fileHash": "8e8fe622",
      "needsInterop": false
    },
    "vitepress > @vue/devtools-api": {
      "src": "../../../../node_modules/.store/@vue+devtools-api@7.7.6/node_modules/@vue/devtools-api/dist/index.js",
      "file": "vitepress___@vue_devtools-api.js",
      "fileHash": "58a455c9",
      "needsInterop": false
    },
    "vitepress > @vueuse/core": {
      "src": "../../../../node_modules/.store/@vueuse+core@12.8.2/node_modules/@vueuse/core/index.mjs",
      "file": "vitepress___@vueuse_core.js",
      "fileHash": "859551fc",
      "needsInterop": false
    },
    "@theme/index": {
      "src": "../../../../node_modules/.store/vitepress@1.6.3/node_modules/vitepress/dist/client/theme-default/index.js",
      "file": "@theme_index.js",
      "fileHash": "6e8b9f02",
      "needsInterop": false
    }
  },
  "chunks": {
    "chunk-VQLGEE2B": {
      "file": "chunk-VQLGEE2B.js"
    },
    "chunk-GCC3N5T4": {
      "file": "chunk-GCC3N5T4.js"
    }
  }
}